PV;Onderwerp;"Datum PV";"Referentie kabinet";Parlementarier;Omschrijving;"Antwoord tegen";"Antwoord ontvangen";"Te behandelen door";"Doorsturen naar";"Naar Staf tegen";"Herinnering op";"Uitgeschreven op";"Datum Kabinet";Bijlagen
697;"Generiek Informatieplatform Openbaar Domein (GIPOD) - uitbouw";24-04-2014;;"Dillen Marijke";;08-05-2014;;PCO;--selecteer--;08-05-2014;08-05-2014;08-05-2014;08-05-2014;
695;"Mobiliteit Vlaams-Brabant en Brussel - maatregelen";22-04-2014;;"De Knop Irina";;05-05-2014;;WVB;;05-05-2014;06-05-2014;06-05-2014;06-05-2014;
694;"Kruispunt Assesteenweg / NInoofsesteenweg Lennik - Verzakking";22-04-2014;;"Reekmans Peter";;06-05-2014;;WVB;;06-05-2014;06-05-2014;06-05-2014;06-05-2014;
691;"Proefproject toeritdosering Mortsel - Tellingen verkeersintensiteit";16-04-2014;;"Vermeiren Goedele";;28-04-2014;;EVT;;28-04-2014;28-04-2014;28-04-2014;28-04-2014;
690;"Verbindingsweg N19/N118 Geel - Stand van zaken";15-04-2014;;"Reekmans Peter";;24-04-2014;;WA;;24-04-2014;24-04-2014;24-04-2014;24-04-2014;
678;"Hoge Mouwtunnel Kasterlee - Geluidsoverlast";07-04-2014;;"Kennes Ward";;18-04-2014;;WA;;18-04-2014;18-04-2014;18-04-2014;18-04-2014;
688;"N263 Bever - zwaar vrachtverkeer";08-04-2014;;"De Knop Irina";;22-04-2014;;WVB;;22-04-2014;22-04-2014;22-04-2014;22-04-2014;
681;"Uitrol elektrisiche mobiliteit - stand van zaken";07-04-2014;;"Rzoska Björn";;18-04-2014;;Stafdienst;;18-04-2014;18-04-2014;18-04-2014;18-04-2014;
685;"Kempische Noord-Zuidverbinding - geluidsoverlast";07-04-2014;;"De Kort Dirk";;18-04-2014;;WA;;18-04-2014;18-04-2014;18-04-2014;18-04-2014;
684;"N19g Kasterlee - Geel - Geluidsschermen";07-04-2014;;"Kennes Ward";;18-04-2014;;WA;;18-04-2014;18-04-2014;18-04-2014;18-04-2014;
682;"N49 - Maldegem - geluidsoverlast";07-04-2014;;"Rzoska Björn";;18-04-2014;;WOV;;18-04-2014;18-04-2014;18-04-2014;18-04-2014;
680;"Ongelijkgrondse kruisingen - Westerring Genk";07-04-2014;;"Peeters Lydia";;18-04-2014;;WL;;18-04-2014;18-04-2014;18-04-2014;18-04-2014;
679;"Fietspaden A12 - Staat";07-04-2014;;"Rzoska Björn";;18-04-2014;;WA;;18-04-2014;18-04-2014;18-04-2014;18-04-2014;
676;"N8 Ninove - Brussel - Fietspaden";07-04-2014;;"Rzoska Björn";"elementen van antwoord opgevraagd bij WVB";18-04-2014;;WOV;;18-04-2014;18-04-2014;18-04-2014;18-04-2014;
675;"N425 Maarkedal - herstelling wegdek en aanleg fietspaden";03-04-2014;;"De Meulemeester Marnic";;16-04-2014;;WOV;;16-04-2014;16-04-2014;16-04-2014;16-04-2014;
674;"Missing link N60 Ronse - Gunningscriteria";02-04-2014;;"Meuleman Elisabeth";;15-04-2014;;WOV;;15-04-2014;15-04-2014;15-04-2014;15-04-2014;
663;"Kruispunt N70/N16 Sint-Niklaas - Rotonde";31-03-2014;;"Van Malderen Bart";;10-04-2014;;WOV;;10-04-2014;10-04-2014;10-04-2014;10-04-2014;
645;"Ontwerpen van decreet - externe adviezen ";24-03-2014;;"Dillen Marijke";;09-04-2014;;PCO;;09-04-2014;10-04-2014;10-04-2014;11-04-2014;
646;"Vlaamse overheid - E-Government";24-03-2014;;"Dillen Marijke";;18-04-2014;;PCO;;18-04-2014;21-04-2014;21-04-2014;23-04-2014;
628;"Beheersovereenkomsten en subsidievoorwaarden - toegankelijkheidsbeleid";18-03-2014;;"Dillen Marijke";;08-04-2014;;PCO;;08-04-2014;08-04-2014;08-04-2014;08-04-2014;
633;"Vlaamse overheid - Kunstintegratie";20-03-2014;;"De Ro Jo";;08-04-2014;;PCO;;08-04-2014;08-04-2014;08-04-2014;08-04-2014;
661;"Albertkanaal - Verbreding - Verhoging bruggen";28-03-2014;;"Reekmans Peter";"Geen elementen van antwoord";08-04-2014;;WA;;08-04-2014;08-04-2014;08-04-2014;08-04-2014;
660;" ""Groene"" geluidsschermen - Onderzoek";27-03-2014;;"Lachaert Egbert";;07-04-2014;;WK;;07-04-2014;07-04-2014;07-04-2014;07-04-2014;
657;"Resolutie betreffende doorstroming in het verkeer - evaluaties";26-03-2014;;"Dillen Marijke";;09-04-2014;;EVT;;09-04-2014;10-04-2014;10-04-2014;09-04-2014;
656;"Resolutie betreffende doorstroming in het verkeer - initiatieven";26-03-2014;;"Dillen Marijke";;09-04-2014;;EVT;;09-04-2014;10-04-2014;10-04-2014;09-04-2014;
655;"N441 te Ename - snelheidsbeperking";26-03-2014;;"De Meulemeester Marnic";;09-04-2014;;WOV;;09-04-2014;10-04-2014;10-04-2014;09-04-2014;
651;"Heraanleg N14 te Zandhoven - stand van zaken";26-03-2014;;"Vermeiren Goedele";"Input De Lijn toegevoegd";09-04-2014;;WA;;09-04-2014;10-04-2014;10-04-2014;09-04-2014;
650;"Geluidshinder door wegverkeer - maatregelen ";25-03-2014;;"Dillen Marijke";;15-04-2014;;PCO;;15-04-2014;16-04-2014;16-04-2014;18-04-2014;
647;"Gewestwegen - strooizout";25-03-2014;;"Robeyns Els";;08-04-2014;;PCO;;08-04-2014;09-04-2014;09-04-2014;18-04-2014;
545;"Elisabethlaan Oostende - Ondertunneling";25-02-2014;;"Verstreken Johan";;07-03-2014;;WWV;;07-03-2014;07-03-2014;07-03-2014;07-03-2014;
641;" FAST-takeldienst - Stand van zaken";21-03-2014;;"D'Hulster Steve";;04-04-2014;;EVT;;04-04-2014;04-04-2014;04-04-2014;04-04-2014;
638;"N47 Lokeren - Verkeersveiligheid";21-03-2014;;"Rzoska Björn";;04-04-2014;;WOV;;04-04-2014;04-04-2014;04-04-2014;04-04-2014;
631;"Kruispunten gewestwegen - veilig afslaan voor fietsers";19-03-2014;;"Yuksel Veli";"BMV coÃ¶rdineert";01-04-2014;;EVT;;01-04-2014;01-04-2014;01-04-2014;01-04-2014;
629;"Carpoolparkings - West-Vlaanderen (2)";19-03-2014;;"Vandaele Wilfried";"De Afdeling Beleid Mobiliteit en Verkeersveiligheid (Departement MOW) is trekker van de studie waarvan sprake in de vraag.  Deze vraag moet dan ook aan deze afdeling gesteld worden.";01-04-2014;;WWV;;01-04-2014;01-04-2014;01-04-2014;01-04-2014;
;"Transportcommissie van het Europees Parlement staat op de rem voor de invoering van LZV's";18-03-2014;;"Jans Lies";"Het proefproject LZVâ€™s in Vlaanderen gaat uit van ritten die volledig op Vlaams grondgebied plaats vinden.
Het al dan niet toestaan op Europees niveau om de grenzen te overschrijden heeft dus geen invloed op het proefproject.
";19-03-2014;;EVT;;19-03-2014;19-03-2014;19-03-2014;19-03-2014;
591;"R4 Zwijnaarde - brug Brugsevaart - verlichting fietspad (2)";04-03-2014;;"Yuksel Veli";;17-03-2014;;WOV;;17-03-2014;17-03-2014;17-03-2014;17-03-2014;
624;"Fietspad N36 Deerlijk - Veilige doorgang";14-03-2014;;"Kindt Els";;26-03-2014;;WWV;;26-03-2014;26-03-2014;26-03-2014;26-03-2014;
617;"Gewestwegen stad Antwerpen - fietsveiligheid (2)";13-03-2014;;"Vogels Mieke";;26-03-2014;;WA;;26-03-2014;26-03-2014;26-03-2014;26-03-2014;
1124;"FAST en incident management";12-03-2014;;"Jans Lies";;17-03-2014;;EVT;;24-03-2014;24-03-2014;24-03-2014;24-03-2014;
1104;"Klachten over FAST-takeldiensten";10-03-2014;;"Keulen Marino";;17-03-2014;;EVT;;24-03-2014;24-03-2014;24-03-2014;24-03-2014;
614;"Gewestwegen Antwerpen - overdracht naar de stad";12-03-2014;;"Wienen Wim";;25-03-2014;;WA;;25-03-2014;25-03-2014;25-03-2014;25-03-2014;
612;"Heraanleg kruispunt N14 / R16 Lier - stand van zaken (2)";12-03-2014;;"Vanderpoorten Marleen";;25-03-2014;;WA;;25-03-2014;25-03-2014;25-03-2014;25-03-2014;
611;"Tweede spoortontsluiting Antwerpse haven - Trajectkeuze";12-03-2014;;"Vanderpoorten Marleen";;25-03-2014;;WA;;25-03-2014;25-03-2014;25-03-2014;25-03-2014;
496;"Vlaamse overheid - contracten met beveiligingsfirma's";13-02-2014;;"Roegiers Jan";;12-03-2014;;PCO;;12-03-2014;12-03-2014;12-03-2014;12-03-2014;
609;"N441 - Doortocht Nederename - stand van zaken";11-03-2014;;"Franssen Cindy";;24-03-2014;;WOV;;24-03-2014;24-03-2014;24-03-2014;24-03-2014;
608;"Integraal fietsinvesteringsprogramma - fietsbrug N60 Leupegem";11-03-2014;;"Franssen Cindy";;24-03-2014;;WOV;;24-03-2014;24-03-2014;24-03-2014;24-03-2014;
607;"N368 en N44 Knesselare - verkeershinder";11-03-2014;;"Rzoska Björn";;24-03-2014;;WOV;;24-03-2014;24-03-2014;24-03-2014;24-03-2014;
605;"FAST - netwerk";11-03-2014;;"Huybrechts Pieter";;24-03-2014;;EVT;;24-03-2014;24-03-2014;24-03-2014;24-03-2014;
604;"Noord-zuidverbinding Limburg - stand van zaken";11-03-2014;;"Reekmans Peter";;24-03-2014;;WL;;24-03-2014;24-03-2014;24-03-2014;24-03-2014;
603;"Dubbele rotondes - bestemming";10-03-2014;;"Reekmans Peter";;20-03-2014;;EVT;;20-03-2014;20-03-2014;20-03-2014;20-03-2014;
602;"Incidentmanagement - ongevallencoÃ¶rdinator";10-03-2014;;"Jans Lies";;20-03-2014;;EVT;;20-03-2014;20-03-2014;20-03-2014;20-03-2014;
601;"Heraanleg Brusselsesteenweg Gent - Communicatie";06-03-2014;;"Stevens Helga";;18-03-2014;;WOV;;18-03-2014;18-03-2014;18-03-2014;18-03-2014;
600;"E34 Herstellingen";06-03-2014;;"Van Dijck Kris";;18-03-2014;;WA;;18-03-2014;18-03-2014;18-03-2014;18-03-2014;
599;"Afbraak grenspost E17 Rekkem - Asbest";06-03-2014;;"Tommelein Bart";;18-03-2014;;WWV;;18-03-2014;18-03-2014;18-03-2014;18-03-2014;
598;"Doortrekking N41 Aalst - Dendermonde - stand van zaken";06-03-2014;;"Van der Borght Vera";;18-03-2014;;WOV;;18-03-2014;18-03-2014;18-03-2014;18-03-2014;
597;"Evaluatie staat wegdek - parameters - N444 Merelbeke";06-03-2014;;"Lachaert Egbert";;18-03-2014;;WOV;;18-03-2014;18-03-2014;18-03-2014;18-03-2014;
588;"Vlaamse overheid - Waarborgregeling";03-03-2014;;"Vereeck Lode";"Door het Agentschap Wegen en Verkeer wordt geen waarborgregeling beheerd, dus deze vraag is niet van toepassing.";17-03-2014;;PCO;;17-03-2014;17-03-2014;17-03-2014;17-03-2014;
596;"N42 - Wetteren - Zottegem - Geraardsbergen - stand an zaken";05-03-2014;;"Van der Borght Vera";;17-03-2014;;WOV;;17-03-2014;17-03-2014;17-03-2014;17-03-2014;
595;"Verkeersafwikkeling Aalsterse Ring - Kruispunt Siesegemlaan";05-03-2014;;"Van der Borght Vera";;17-03-2014;;WOV;;17-03-2014;17-03-2014;17-03-2014;17-03-2014;
594;"Arendonk - aanleg fietsinfrastructuur";05-03-2014;;"Kennes Ward";;17-03-2014;;WA;;17-03-2014;17-03-2014;17-03-2014;17-03-2014;
593;"N411 Aalst - Moorsel - herinrichting";05-03-2014;;"Van der Borght Vera";;17-03-2014;;WOV;;17-03-2014;17-03-2014;17-03-2014;17-03-2014;
544;"Vlaamse overheid   -   Vlaams Fonds voor de Lastendelging";21-02-2014;;"Vereeck Lode";;10-03-2014;;PCO;;10-03-2014;10-03-2014;10-03-2014;10-03-2014;
543;"Vlaamse overheid   -   Schadeclaims";21-02-2014;;"Vereeck Lode";"AJD heeft geantwoord. Zie e-room";10-03-2014;;PCO;;10-03-2014;10-03-2014;10-03-2014;10-03-2014;
510;"Tramlijnen 2 en 4 Antwerpen - doorstroming aan kruispunten";18-02-2014;;"Penris Jan";;07-03-2014;;WA;;07-03-2014;07-03-2014;07-03-2014;07-03-2014;
590;"Kanaalweg (N391) te Zwevegem - verlichting en aanplantingen";03-03-2014;;"Poleyn Sabine";;14-03-2014;;WWV;;13-03-2014;14-03-2014;14-03-2014;14-03-2014;
587;"Heraanleg N42 te Herzele - onteigeningsprocedure en bezwaarschriften";03-03-2014;;"Diependaele Matthias";;17-03-2014;;WOV;;16-03-2014;17-03-2014;17-03-2014;17-03-2014;
363;"Alternatieve financiering overheidsinvesteringen - beschikbaarheidsvergoedingen";19-02-2014;;"Vereeck Lode";"Werkblad Missing Links I is aangevuld, a.d.h.v. laatste berekeningen PMV (d.d. 06/03/2014)
Wat Missing Links II betreft, is het nog niet mogelijk een inschatting te maken van de beschikbaarheidsvergoedingen voor deze nieuwe PPS-projecten. Er zijn teveel onbekende variabelen en onduidelijkheden qua timing en uitvoering.
De gegevens in de tabel contactpersonen waren reeds aangevuld, hieraan moet niets gewijzigd worden";07-03-2014;;PCO;;06-03-2014;07-03-2014;07-03-2014;06-03-2014;
583;"Spitsstroken - veiligheidsbeleid";28-02-2014;;"Keulen Marino";;10-03-2014;;EVT;;09-03-2014;09-03-2014;09-03-2014;03-03-2014;
586;"Doortrekking N171 Kontich-Boom - Stand van zaken";28-02-2014;;"Peeters Dirk";;12-03-2014;;WA;;12-03-2014;12-03-2014;12-03-2014;12-03-2014;
584;"Autosnelwegparkings Westkerke - Tijdelijke sluiting";28-02-2014;;"Tommelein Bart";;12-03-2014;;WWV;;12-03-2014;12-03-2014;12-03-2014;12-03-2014;
582;"N8 Ieper-Veurne - Schorsing GRUP";28-02-2014;;"Tommelein Bart";;12-03-2014;;WWV;;12-03-2014;12-03-2014;12-03-2014;12-03-2014;
580;"Vlakheidsnormen fietspaden - Profilometer";28-02-2014;;"Reekmans Peter";;12-03-2014;;WK;;12-03-2014;12-03-2014;12-03-2014;12-03-2014;
579;"Veiligheid motorrijders - Maatregelen";28-02-2014;;"De Waele Patricia";;12-03-2014;;EVT;;12-03-2014;12-03-2014;12-03-2014;12-03-2014;
578;"Kruispunt N17/Mechelsesteenweg Dendermonde - Herinrichting";28-02-2014;;"Meremans Manus";;12-03-2014;;WOV;;12-03-2014;12-03-2014;12-03-2014;12-03-2014;
576;"E17 Aalbeke - Aquaplanning";28-02-2014;;"Lachaert Egbert";;12-03-2014;;WWV;;12-03-2014;12-03-2014;12-03-2014;12-03-2014;
575;"Vlaams Infrastructuurfonds en AWV - Verkoop onroerende goederen";28-02-2014;;"Vereeck Lode";;12-03-2014;;PCO;;12-03-2014;12-03-2014;12-03-2014;12-03-2014;
558;"Vlaamse overheid - nieuwe huisstijl";25-02-2014;;"Van Mechelen Dirk";"Elementen van antwoord voor deelvraag 3";07-03-2014;;PCO;;07-03-2014;07-03-2014;07-03-2014;07-03-2014;
574;"De Lijn Leuven - Doorstromingsonderzoek -busverkeer Centrum";27-02-2014;;"Eerlingen Tine";"De Lijn zorgt voor de opvolging van deze studie.
Gelieve u tot hen te richten.
";12-03-2014;;WVB;;12-03-2014;12-03-2014;12-03-2014;12-03-2014;
573;" Wegverharding E34 Zoersel - Turnhout - Timing";27-02-2014;;"Kennes Ward";;12-03-2014;;WA;;12-03-2014;12-03-2014;12-03-2014;12-03-2014;
572;"Herbelijning kruispunt R11/N1 Mortsel - timing";27-02-2014;;"Vermeiren Goedele";;12-03-2014;;WA;;12-03-2014;12-03-2014;12-03-2014;12-03-2014;
571;"Proefproject toeritdosering Mortsel - stand van zaken";27-02-2014;;"Vermeiren Goedele";;12-03-2014;;EVT;;12-03-2014;12-03-2014;12-03-2014;12-03-2014;
570;"Verkeersborden langs gewestwegen - plaatsingscriteria";27-02-2014;;"Dillen Marijke";;12-03-2014;;EVT;;12-03-2014;12-03-2014;12-03-2014;12-03-2014;
568;"N42 Oosterzele   -   Snelheidscameraâ€™s";26-02-2014;;"Lachaert Egbert";;11-03-2014;;WOV;;11-03-2014;11-03-2014;11-03-2014;11-03-2014;
567;"Kruispunt Guldensporenlaan / R4 Merelbeke - Ongevallen";26-02-2014;;"Lachaert Egbert";;11-03-2014;;WOV;;11-03-2014;11-03-2014;11-03-2014;11-03-2014;
566;"Gewestwegen Kruishoutem - verkeesintensiteit";26-02-2014;;"Diependaele Matthias";;11-03-2014;;WOV;;11-03-2014;11-03-2014;11-03-2014;11-03-2014;
563;"Kruispunt N370 / N368 Beernem - verkeersveiligheid";26-02-2014;;"Godderis-T'Jonck Danielle";;11-03-2014;;WWV;;11-03-2014;11-03-2014;11-03-2014;11-03-2014;
562;"Kwaliteit gewestwegen - Rapport - N49";26-02-2014;;"Taeldeman Valerie";;11-03-2014;;WK;;11-03-2014;11-03-2014;11-03-2014;11-03-2014;
561;"Doortrekking N60 - Ronse - Stand van zaken";26-02-2014;;"Diependaele Matthias";;11-03-2014;;WOV;;11-03-2014;11-03-2014;11-03-2014;11-03-2014;
1071;"Feit dat Vlaanderen nog altijd een slechte leerling is inzake verkeersveiligheid";26-02-2014;;"Keulen Marino";"Elementen van antwoord EVT";04-03-2014;;PCO;;03-03-2014;04-03-2014;04-03-2014;04-03-2014;
555;"Meerjarenraming 2014-2019 - Impact masterplan 2020";25-02-2014;;"Vereeck Lode";;04-03-2014;;Stafdienst;;01-01-1970;04-03-2014;04-03-2014;04-03-2014;
466;"Schuilhuisjes met reclame - Retributies";04-02-2014;;"Van Rouveroij Sas";;17-02-2014;;PCO;;01-01-1970;17-02-2014;17-02-2014;17-02-2014;
542;"N123 Herentals - Lichtaart - Verkeersveiligheid";21-02-2014;;"Reekmans Peter";;06-03-2014;;WA;;06-03-2014;06-03-2014;06-03-2014;06-03-2014;
541;"Missing links - West-Vlaanderen";21-02-2014;;"Tommelein Bart";;06-03-2014;;WWV;;06-03-2014;06-03-2014;06-03-2014;06-03-2014;
538;"Meldpunt wegen - klachten   ";21-02-2014;;"Reekmans Peter";;06-03-2014;;PCO;;06-03-2014;06-03-2014;06-03-2014;06-03-2014;
535;"Meldpunt fietspaden - Meldingen";21-02-2014;;"Reekmans Peter";;06-03-2014;;PCO;;06-03-2014;06-03-2014;06-03-2014;06-03-2014;
534;"Heraanleg kruispunt Ring Tienen - evaluatie";21-02-2014;;"Reekmans Peter";;06-03-2014;;WVB;;06-03-2014;06-03-2014;06-03-2014;06-03-2014;
533;"Trajectcontrole - aankondigingsborden";20-02-2014;;"Van Malderen Bart";;04-03-2014;;EVT;;04-03-2014;04-03-2014;04-03-2014;04-03-2014;
1012;"Centraal ongevallenmeldpunt";17-02-2014;;"Keulen Marino";;24-02-2014;;EVT;;;24-02-2014;24-02-2014;24-02-2014;
530;"Ring Brussel - Herinrichting afritten Dilbeek en N8";19-02-2014;;"Segers Willy";;03-03-2014;;WVB;;01-01-1970;03-03-2014;03-03-2014;03-03-2014;
528;"Wegmarkeringen - omschakeling naa klasse R3";19-02-2014;;"De Ridder Annick";;03-03-2014;;EVT;;03-03-2014;03-03-2014;03-03-2014;03-03-2014;
525;"Sluipverkeer Mollem - Meise - maatregelen";19-02-2014;;"Segers Willy";;03-03-2014;;WVB;;03-03-2014;03-03-2014;03-03-2014;03-03-2014;
524;"Carpoolparking Hasselt Zuid - Bereikbaarheid";19-02-2014;;"Jans Lies";;03-03-2014;;WL;;03-03-2014;03-03-2014;03-03-2014;03-03-2014;
522;"Schorsing GRUP wegverbinding ieper - Veurne - Werkzaamheden N8 Veurne";19-02-2014;;"Godderis-T'Jonck Danielle";;03-03-2014;;WWV;;01-01-1970;03-03-2014;03-03-2014;03-03-2014;
520;"N8 Ieper - Veurne - verkeesintensiteit en ongevallen";19-02-2014;;"Godderis-T'Jonck Danielle";;03-03-2014;;WWV;;03-03-2014;03-03-2014;03-03-2014;03-03-2014;
519;"Krigsbaan Hoboken - Overdracht";19-02-2014;;"Wienen Wim";;03-03-2014;;WA;;03-03-2014;03-03-2014;03-03-2014;03-03-2014;
512;"Viaduct E17 Gentbrugge - lawaaihinder";18-02-2014;;"Yuksel Veli";;28-02-2014;;WOV;;28-02-2014;28-02-2014;28-02-2014;28-02-2014;
505;"Audiovisuele producties - ondersteuning";17-02-2014;;"Verstreken Johan";;24-02-2014;;PCO;;01-01-1970;24-02-2014;24-02-2014;24-02-2014;
507;"Nx Stabroek - stand van zaken";17-02-2014;;"Peeters Dirk";;27-02-2014;;WA;;01-01-1970;27-02-2014;27-02-2014;27-02-2014;
506;"R4 - Zuid Merelbeke - geluidswerende maatregelen";17-02-2014;;"Rzoska Björn";;28-02-2014;;WOV;;01-01-1970;28-02-2014;28-02-2014;28-02-2014;
504;"Investeringsprogramma wegen - N470 Dendermonde";13-02-2014;;"De Meyer Jos";;26-02-2014;;WOV;;01-01-1970;26-02-2014;26-02-2014;26-02-2014;
501;"Investeringsprogamma wegen - N41 Hamme";13-02-2014;;"De Meyer Jos";;26-02-2014;;WOV;;01-01-1970;26-02-2014;26-02-2014;26-02-2014;
494;"Mobiliteitsbeleid - crowdsourcing";13-02-2014;;"Roegiers Jan";;24-02-2014;;PCO;;01-01-1970;24-02-2014;24-02-2014;24-02-2014;
492;"N71 Omleidingsweg Neerpelt - stand van zaken";13-02-2014;;"Vissers Linda";;26-02-2014;;WL;;26-02-2014;26-02-2014;26-02-2014;26-02-2014;
981;"De evolutie van de verwijlintresten in het domein mobiliteit en openbare werken";12-02-2014;;"De Ridder Annick";;17-02-2014;;PCO;;;17-02-2014;17-02-2014;17-02-2014;
491;"Inritten langs gewestwegen - processen-verbaal AWV";12-02-2014;;"Peeters Lydia";;24-02-2014;;EVT;;24-02-2014;24-02-2014;24-02-2014;24-02-2014;
488;"AWV en DE LIJN - afstemming werkzaamheden Gent";13-02-2014;;"Yuksel Veli";;24-02-2014;;WOV;;01-01-1970;24-02-2014;24-02-2014;24-02-2014;
487;"E313 Olen - geuidsschermen";12-02-2014;;"Smaers Griet";;24-02-2014;;WA;;;24-02-2014;24-02-2014;24-02-2014;
486;"Calamiteitenschermen - onderzoek";11-02-2014;;"Dillen Marijke";;24-02-2014;;EVT;;01-01-1970;24-02-2014;24-02-2014;24-02-2014;
459;"Vlaamse overheid - onderhoudscontracten";31-01-2014;;"Vereeck Lode";;17-02-2014;;PCO;;01-01-1970;17-02-2014;17-02-2014;17-02-2014;
485;"Vrije busbaan N177 - Uitbreiding";10-02-2014;;"De Ridder Annick";;21-02-2014;;WA;;01-01-1970;21-02-2014;21-02-2014;21-02-2014;
483;"Kempische Noord-Zuidverbinding - Kostprijs";10-02-2014;;"Peeters Dirk";;21-02-2014;;WA;;01-01-1970;21-02-2014;21-02-2014;21-02-2014;
481;"Investeringsprogramma wegen - N47 Dendermonde";07-02-2014;;"De Meyer Jos";;19-02-2014;;WOV;;01-01-1970;19-02-2014;19-02-2014;19-02-2014;
479;"Investeringsprogramma wegen - N406 Dendermonde";07-02-2014;;"De Meyer Jos";;19-02-2014;;WOV;;01-01-1970;19-02-2014;19-02-2014;19-02-2014;
477;"Investeringsprogramma wegen - N41 Hamme-Temse";07-02-2014;;"De Meyer Jos";;19-02-2014;;WOV;;01-01-1970;19-02-2014;19-02-2014;19-02-2014;
476;"Investeringsprogramma wegen - N47 Lokeren";07-02-2014;;"De Meyer Jos";;19-02-2014;;WOV;;01-01-1970;19-02-2014;19-02-2014;19-02-2014;
475;"Dossier rekeningrijden vrachtwagens - openbare aanbesteding";06-02-2014;;"Keulen Marino";"Antwoord door via VC";18-02-2014;;EMT;;;18-02-2014;18-02-2014;18-02-2014;
474;"N78 - Dilsen-Stokkem - Verkeersveiligheid";06-02-2014;;"Peeters Lydia";;19-02-2014;;WL;;01-01-1970;19-02-2014;19-02-2014;19-02-2014;
473;"Fietspad N10 Koningshooikt - heraanleg";06-02-2014;;"Hendrickx Marc";;19-02-2014;;WA;;01-01-1970;19-02-2014;19-02-2014;19-02-2014;
469;"Crematorium Hofheide Holsbeek - Herinrichting verkeersafwikkeling";05-02-2014;;"Eerlingen Tine";;18-02-2014;;WVB;;01-01-1970;18-02-2014;18-02-2014;18-02-2014;
465;"E34 Antwerpen - eindhoven - verlichtingspalen afrit 24";04-02-2014;;"Kennes Ward";;14-02-2014;;WA;;;14-02-2014;14-02-2014;14-02-2014;
461;"Projecten met overheidssteun - Vlaams-Brabant";03-02-2014;;"Brouwers Karin";;13-02-2014;;WVB;;;13-02-2014;13-02-2014;13-02-2014;
458;"Rooilijndecreet - gewestelijke rooilijnen (2)";31-01-2014;;"Peumans Jan";;13-02-2014;;PCO;;01-01-1970;13-02-2014;13-02-2014;13-02-2014;
454;"Op- en afrittencomplex Hasselt Zuid - stand van zaken";31-01-2014;;"Jans Lies";;13-02-2014;;WL;;;13-02-2014;13-02-2014;13-02-2014;
452;"Investeringsprogramma wegen - N70 Beveren";30-01-2014;;"De Meyer Jos";;12-02-2014;;WOV;;;12-02-2014;12-02-2014;12-02-2014;
451;"Investeringsprogramma wegen - Kruispunt N70 St. Niklaas";30-01-2014;;"De Meyer Jos";;12-02-2014;;WOV;;;12-02-2014;12-02-2014;12-02-2014;
450;"Investeringsprogramma wegen - N446 Hamme";30-01-2014;;"De Meyer Jos";;12-02-2014;;WOV;;;12-02-2014;12-02-2014;12-02-2014;
449;"Schelde Zevergem - Schelderode - Fiets- en voetgangersbrug";30-01-2014;;"Franssen Cindy";;12-02-2014;;WOV;;;12-02-2014;12-02-2014;12-02-2014;
448;"Investeringsprogramma wegen - N70 Sint Niklaas";30-01-2014;;"De Meyer Jos";;12-02-2014;;WOV;;;12-02-2014;12-02-2014;12-02-2014;
447;"Investeringsprogramma wegen - Durmbrug N446 Waasmunster";30-01-2014;;"De Meyer Jos";;12-02-2014;;WOV;;;12-02-2014;12-02-2014;12-02-2014;
446;"Kruispunt N46 - N415 Zwalm - herinrichting";30-01-2014;;"Franssen Cindy";;12-02-2014;;WOV;;;12-02-2014;12-02-2014;12-02-2014;
445;"Parkbosbruggen Gent - stand van zaken";30-01-2014;;"Franssen Cindy";;12-02-2014;;WOV;;;12-02-2014;12-02-2014;12-02-2014;
444;"Investeringsprogramma wegen - Geluidsschermen E17 Temse";30-01-2014;;"De Meyer Jos";;12-02-2014;;WOV;;;12-02-2014;12-02-2014;12-02-2014;
443;"N46 - Zwalm - projecten veilige schoolomgeving";30-01-2014;;"Franssen Cindy";;12-02-2014;;WOV;;;12-02-2014;12-02-2014;12-02-2014;
442;"Toeristische infoborden - plaatsing";30-01-2014;;"Wienen Wim";;12-02-2014;;EVT;;;12-02-2014;12-02-2014;12-02-2014;
440;"Oude Vaartstraat Ranst - Geluidsschermen";30-01-2014;;"Van den Eynde Marleen";;12-02-2014;;WA;;;12-02-2014;12-02-2014;12-02-2014;
439;"E19 Keizershoek Kontich - Geluidsscherm";30-01-2014;;"Van den Eynde Marleen";;12-02-2014;;WA;;;12-02-2014;12-02-2014;12-02-2014;
438;"N444 - Merelbeke - Signalisatie staat wegdek";30-01-2014;;"Lachaert Egbert";;12-02-2014;;WOV;;;12-02-2014;12-02-2014;12-02-2014;
437;"Realisatie fietspaden - overzicht (2)";30-01-2014;;"Rzoska Björn";;12-02-2014;;PCO;;12-02-2014;12-02-2014;12-02-2014;12-02-2014;
;"Actuele Vraag (874) Vlaanderen dat liever investeert in beton dan in slimme technologie";29-01-2014;;"Keulen Marino";;04-02-2014;;EMT;;;04-02-2014;04-02-2014;04-02-2014;
363;"Vlaamse Overheid - Infolijn 1700";13-01-2014;;"Dillen Marijke";;24-01-2014;;PCO;;;27-01-2014;27-01-2014;03-02-2014;
436;"R4 Zwijnaarde - Brug Brugsevaart - verlichting fietspad";29-01-2014;;"Yuksel Veli";;11-02-2014;;WOV;;;11-02-2014;11-02-2014;11-02-2014;
435;"Kruispunt Vrijheid / Buizelstraat Hoogstraten - Zebrapad";29-01-2014;;"Huybrechts Patrick ";;11-02-2014;;WA;;;11-02-2014;11-02-2014;11-02-2014;
434;"Lichtvisie gewestwegen - accentverlichting";29-01-2014;;"Van Rouveroij Sas";;11-02-2014;;EVT;;;11-02-2014;11-02-2014;11-02-2014;
432;"Spartacusplan - kostprijs Lijn 1 Hasselt - Maastricht";29-01-2014;;"Jans Lies";;11-02-2014;;WL;;;11-02-2014;11-02-2014;11-02-2014;
;"Mensensmokkel op snelwegparkings";29-01-2014;;"Verfaillie Jan";"Actuele vraag";29-01-2014;;WWV;;;29-01-2014;29-01-2014;29-01-2014;
431;"Toeristische borden - uitbreiding";28-01-2014;;"Keulen Marino";;10-02-2014;;EVT;;;10-02-2014;10-02-2014;10-02-2014;
430;"Ghelamco Arena Gent - Bewegwijzering";28-01-2014;;"Van Rouveroij Sas";;10-02-2014;;WOV;;;10-02-2014;10-02-2014;10-02-2014;
427;"Albertkanaal Oelegem - Flitscamera";28-01-2014;;"Schrijvers Katrien";;10-02-2014;;WA;;;10-02-2014;10-02-2014;10-02-2014;
406;"Projecten met overheidssteun - Oost-Vlaanderen";22-01-2014;;"Taeldeman Valerie";;06-02-2014;;WOV;;;06-02-2014;06-02-2014;06-02-2014;
426;"Wetsvoorstel inzake taalgebruik bij wegsignalisatie en verkeersboodschappen - overleg";27-01-2014;;"Van den Eynde Marleen";;05-02-2014;;EVT;;;05-02-2014;05-02-2014;05-02-2014;
423;"E17 Harelbeke Stasegem - Geluidswerende maatregelen";27-01-2014;;"De Coene Philippe";;07-02-2014;;WWV;;;07-02-2014;07-02-2014;07-02-2014;
422;"Aanleg fietspaden";27-01-2014;;"Rzoska Björn";;07-02-2014;;PCO;;;07-02-2014;07-02-2014;07-02-2014;
416;"R40 Gent - Afstemming verkeerslichten ";24-01-2014;;"Yuksel Veli";;05-02-2014;;WOV;;;05-02-2014;05-02-2014;05-02-2014;
412;"Investeringsprogramma wegen - N455 Leemweg Sint Laureins";23-01-2014;;"Franssen Cindy";;05-02-2014;;WOV;;;05-02-2014;05-02-2014;05-02-2014;
409;"Investeringsprogramma wegen - N455 - Vlamingstraat Sint Laureins";23-01-2014;;"Franssen Cindy";;05-02-2014;;WOV;;;05-02-2014;05-02-2014;05-02-2014;
408;"Fietspad N118 - Arendonk - Ravels - Weigering bouwvergunning";23-01-2014;;"Kennes Ward";;05-02-2014;;WA;;;05-02-2014;05-02-2014;05-02-2014;
407;"E314 - E34 Tuinwijk Borgerhout - Geluidsschermen";23-01-2014;;"Homans Liesbeth";;05-02-2014;;WA;;;05-02-2014;05-02-2014;05-02-2014;
400;"UZ Brussel - mobiliteitsproblemen";22-01-2014;;"Segers Willy";;03-02-2014;;WVB;;;03-02-2014;03-02-2014;03-02-2014;
405;"Kruispunt Ninoofsesteenweg / Kleemstraat Lennik - Richtinverandering";22-01-2014;;"Reekmans Peter";;04-02-2014;;WVB;;;04-02-2014;04-02-2014;04-02-2014;
404;"N465 - Melle - Oversteekplaatsen";22-01-2014;;"Roegiers Jan";;04-02-2014;;WOV;;;04-02-2014;04-02-2014;04-02-2014;
401;"N118 - Arendonk Ravels - aanleg fietspad";22-01-2014;;"Reekmans Peter";;04-02-2014;;WA;;;04-02-2014;04-02-2014;04-02-2014;
398;"Kruispunt Desguinlei-Van Rijswycklaan Antwerpen - Geluidssignalen voor blinden en slechtzienden";22-01-2014;;"De Gucht Jean-Jacques";;04-02-2014;;WA;;;04-02-2014;04-02-2014;04-02-2014;
397;"Verhoging brug Houtlaan Wijnegem - Flankerende maatregelen";21-01-2014;;"Dillen Marijke";;03-02-2014;;WA;;;03-02-2014;03-02-2014;03-02-2014;
396;"N121 - Schilde - 's Gravenwezel - Gevaarlijke bocht";21-01-2014;;"Dillen Marijke";;03-02-2014;;WA;;;03-02-2014;03-02-2014;03-02-2014;
395;"De Lijn - ontsluiting Noordoost - Limburg en Maasland";21-01-2014;;"Peeters Lydia";;03-02-2014;;WL;;;03-02-2014;03-02-2014;03-02-2014;
393;"Werken ringweg Tienen - Stand van zaken";20-01-2014;;"Reekmans Peter";;03-02-2014;;WVB;;;03-02-2014;03-02-2014;03-02-2014;
392;"Insleuving R4 Rieme - Financiering en timing";17-01-2014;;"Van Volcem Mercedes";;03-02-2014;;WOV;;;03-02-2014;03-02-2014;03-02-2014;
391;"Aanleg fietspad Herentals - Grobbendonk - stand van zaken";17-01-2014;;"Rzoska Björn";;03-02-2014;;WA;;;03-02-2014;03-02-2014;03-02-2014;
390;"Vlaams Infrastructuurfonds en AWV - Verkoop onroerende goederen";17-01-2014;;"Vereeck Lode";;07-02-2014;;PCO;;;07-02-2014;07-02-2014;07-02-2014;
386;"Praatpalen - gebruik";16-01-2014;;"D'Hulster Steve";;31-01-2014;;EMT;;;31-01-2014;31-01-2014;31-01-2014;
384;"Kruispunten gewestwegen - wobblers aan verkeerslichten";16-01-2014;;"Reekmans Peter";;31-01-2014;;EVT;;;31-01-2014;31-01-2014;31-01-2014;
379;"Carpoolparkings - elektrische laadpalen";16-01-2014;;"Vandaele Wilfried";;31-01-2014;;EVT;;;31-01-2014;31-01-2014;31-01-2014;
377;"Gewestwegen - Overdrachten";15-01-2014;;"Bothuyne Robrecht";;28-01-2014;;PCO;;;28-01-2014;28-01-2014;28-01-2014;
376;"Autosnelwegparkings - Mensensmokkel";15-01-2014;;"Tommelein Bart";;28-01-2014;;PCO;;;28-01-2014;28-01-2014;28-01-2014;
374;"Brusselse Ring - reclameborden";15-01-2014;;"Van Hauthem Joris";;28-01-2014;;WVB;;;28-01-2014;28-01-2014;28-01-2014;
373;"Verkeerswisselaar Zaventem - Verlichting";15-01-2014;;"Van Hauthem Joris";;28-01-2014;;WVB;;;28-01-2014;28-01-2014;28-01-2014;
371;"Antwerpse Ring - Geluidsschermen";15-01-2014;;"Bastiaens Caroline";;28-01-2014;;WA;;;28-01-2014;28-01-2014;28-01-2014;
;"Filecijfers Touring";15-01-2014;;"Keulen Marino";;15-01-2014;;Stafdienst;;;15-01-2014;15-01-2014;15-01-2014;
368;"Heraanleg weginfrastructuur - richtlijnen";14-01-2014;;"Keulen Marino";;28-01-2014;;EVT;;;28-01-2014;28-01-2014;28-01-2014;
367;"Gewestwegen - verkeerslichten";14-01-2014;;"Keulen Marino";;28-01-2014;;EVT;;;28-01-2014;28-01-2014;28-01-2014;
366;"Verkeesagressie - oorzaken";14-01-2014;;"Keulen Marino";"Niet voor AWV - Wel BMV";28-01-2014;;EVT;;;28-01-2014;28-01-2014;28-01-2014;
365;"Verkeerslichten - afstelling";14-01-2014;;"Keulen Marino";;28-01-2014;;EVT;;;28-01-2014;28-01-2014;28-01-2014;
364;"Brusselse Ring - reclameborden";14-01-2014;;"Reekmans Peter";;28-01-2014;;WVB;;;28-01-2014;28-01-2014;28-01-2014;
334;"Horizontaal Gelijkekansenbeleid - Financiering";07-01-2014;;"Brusseel Ann";;17-01-2014;;PCO;;;17-01-2014;17-01-2014;17-01-2014;
354;"Investeringsprogramma wegen - Vrijliggende fietspaden N41 Hamme";10-01-2014;;"Meremans Manus";;22-01-2014;;WOV;;;22-01-2014;22-01-2014;22-01-2014;
353;"Brugse ring Bloedpunt-Gentpoort - Verkeersstudie";10-01-2014;;"Van Volcem Mercedes";;22-01-2014;;WWV;;;22-01-2014;22-01-2014;22-01-2014;
351;"Wegsignalisatie - onderhoud";09-01-2014;;"Huybrechts Patrick ";;22-01-2014;;PCO;;;22-01-2014;22-01-2014;22-01-2014;
350;"Pechstrook - oneigenlijk gebruik";09-01-2014;;"Huybrechts Patrick ";;22-01-2014;;EVT;;;22-01-2014;22-01-2014;22-01-2014;
349;"N12 Turnhoutsebaan Antwerpen - Turnhout - heraanleg";09-01-2014;;"Dillen Marijke";;22-01-2014;;WA;;;22-01-2014;22-01-2014;22-01-2014;
348;"Park & Ride-parkings - stand van zaken";09-01-2014;;"Dillen Marijke";;22-01-2014;;EVT;;;22-01-2014;22-01-2014;22-01-2014;
338;"Pechstrook - oneigenlijk gebruik";07-01-2014;;"D'Hulster Steve";;20-01-2014;;EVT;;;20-01-2014;20-01-2014;20-01-2014;
336;"Brusselse Ring - Bewegwijzering afrit Woluwe";07-01-2014;;"Van Eyken Christian";;20-01-2014;;WVB;;;20-01-2014;20-01-2014;20-01-2014;
335;"R4 Kennedylaan Zelzate - Gent - aanduiding ""Desteldonk""";07-01-2014;;"Van Rouveroij Sas";;20-01-2014;;WOV;;;20-01-2014;20-01-2014;20-01-2014;
327;"START-project - Zaventem - stand van zaken";02-01-2014;;"Reekmans Peter";;14-01-2014;;WVB;;;14-01-2014;14-01-2014;14-01-2014;
325;"N8 Ieper - Veurne - schorsing GRUP";02-01-2014;;"Van Volcem Mercedes";;14-01-2014;;WWV;;;14-01-2014;14-01-2014;14-01-2014;
323;"Kruispunt N2 Winksele - Werking verkeerslichten";24-12-2013;;"Reekmans Peter";;14-01-2014;;WVB;;;14-01-2014;14-01-2014;14-01-2014;
318;"N42 Oosterzele - Verlichting";20-12-2013;;"Lachaert Egbert";;15-01-2014;;WOV;;;15-01-2014;15-01-2014;15-01-2014;
317;"Kruispunten A12 - Ongevallen";20-12-2013;;"De Kort Dirk";;15-01-2014;;WA;;;15-01-2014;15-01-2014;15-01-2014;
316;"Investeringsprogramma wegen - N457 Maarkedal";20-12-2013;;"Franssen Cindy";;15-01-2014;;WOV;;;15-01-2014;15-01-2014;15-01-2014;
313;"N12 - Turnhoutsebaan Deurne - Verkeersveiligheid";20-12-2013;;"Vogels Mieke";;15-01-2014;;WOV;;;15-01-2014;15-01-2014;15-01-2014;
310;"Gewestwegen stad Antwerpen - Fietsveiligheid";19-12-2013;;"Vogels Mieke";;16-01-2014;;WA;;;16-01-2014;16-01-2014;16-01-2014;
309;"Gewestwegen - Graffitischade";19-12-2013;;"Wienen Wim";;16-01-2014;;PCO;;;16-01-2014;16-01-2014;16-01-2014;
308;"Schade aan gewestwegen - Aansprakelijkheid en kostprijs";19-12-2013;;"Wienen Wim";;16-01-2014;;PCO;;;16-01-2014;16-01-2014;16-01-2014;
306;"Krijgsbaan Hoboken - Herstelling - Overdracht";18-12-2013;;"Wienen Wim";;10-01-2014;;WA;;;10-01-2014;10-01-2014;10-01-2014;
305;"Ghelamco Arena Gent - Verkeesafwikkeling";18-12-2013;;"Roegiers Jan";;10-01-2014;;WOV;;;10-01-2014;10-01-2014;10-01-2014;
303;"Luchtkwaliteitsplan Uitvoering";18-12-2013;;"Sanctorum Hermes";;10-01-2014;;PCO;;;10-01-2014;10-01-2014;10-01-2014;
302;"Vlaamse overheid - Digitale verwerking bouw- en ontwerpplannen";13-12-2013;;"Van Mechelen Dirk";;03-01-2014;;PCO;;;03-01-2014;03-01-2014;03-01-2014;
301;"Tweede Scheldebrug Wetteren : Stand van zaken";13-12-2013;;"Van Malderen Bart";;03-01-2014;;WOV;;;03-01-2014;03-01-2014;03-01-2014;
299;"Rooilijndecreet - Gewestelijke rooilijnen";13-12-2013;;"Peumans Jan";;03-01-2014;;PCO;;;03-01-2014;03-01-2014;03-01-2014;
296;"E40 Nevele - Bermbrug";12-12-2013;;"Franssen Cindy";;24-12-2013;;WOV;;;24-12-2013;24-12-2013;24-12-2013;
294;"Omleidingsweg N14 Zoersel - Stand van zaken";11-12-2013;;"Diependaele Matthias";;23-12-2013;;WA;;;23-12-2013;23-12-2013;23-12-2013;
292;"Gewest- en autosnelwegen - structureel onderhoud";11-12-2013;;"Yuksel Veli";;23-12-2013;;PCO;;;23-12-2013;23-12-2013;23-12-2013;
291;"Verkeerslichten gewestwegen - LED";11-12-2013;;"Yuksel Veli";;23-12-2013;;EVT;;;23-12-2013;23-12-2013;23-12-2013;
290;"Aanleg fietspaden - realisaties";11-12-2013;;"Yuksel Veli";;23-12-2013;;PCO;;;23-12-2013;23-12-2013;23-12-2013;
288;"Fietspaden N44a Maldegem - Onderhoud";11-12-2013;;"Taeldeman Valerie";;23-12-2013;;WOV;;;23-12-2013;23-12-2013;23-12-2013;
286;"E314 Heverlee - Wilsele - weefstroken";09-12-2013;;"Jans Lies";;20-12-2013;;WVB;;;20-12-2013;20-12-2013;20-12-2013;
286;"E314 Heverlee - Wilsele - weefstroken";20-12-2013;;"Jans Lies";;20-12-2013;;WVB;;;20-12-2013;20-12-2013;20-12-2013;
281;"Trajectcontrole - werklast parketten - Overleg";09-12-2013;;"Reekmans Peter";;20-12-2013;;EMT;;;20-12-2013;20-12-2013;20-12-2013;
275;"Omvorming N44 Maldegem - stand van zaken";06-12-2013;;"Taeldeman Valerie";;20-12-2013;;WOV;;;20-12-2013;20-12-2013;20-12-2013;
274;"Investeringsprogramma wegen - aanleg rotonde N9/Hillestraat Maldegem";06-12-2013;;"Taeldeman Valerie";;20-12-2013;;WOV;;;20-12-2013;20-12-2013;20-12-2013;
273;"Investeringsprogramma wegen - N70 Lochristi";06-12-2013;;"Taeldeman Valerie";;20-12-2013;;WOV;;;20-12-2013;20-12-2013;20-12-2013;
272;"Kruispunt R71 - N20 Hasselt - Herinrichting";05-12-2013;;"Jans Lies";;17-12-2013;;WL;;;17-12-2013;17-12-2013;17-12-2013;
269;"Voetgangers- en fietsersbrug Deinze - stand van zaken";04-12-2013;;"Franssen Cindy";;17-12-2013;;WOV;;;17-12-2013;17-12-2013;17-12-2013;
268;"Flora en fauna - schade door strooizout";04-12-2013;;"Vandaele Wilfried";;17-12-2013;;PCO;;;17-12-2013;17-12-2013;17-12-2013;
267;"Niet-aangelegd fietspad Generaal Lemanstraat Antwerpen - herbestemming middelen";04-12-2013;;"Vogels Mieke";;17-12-2013;;WA;;;17-12-2013;17-12-2013;17-12-2013;
264;"Overladen vrachtwagens - controles wegeninspectie";03-12-2013;;"Dillen Marijke";;13-12-2013;;PCO;;;13-12-2013;13-12-2013;13-12-2013;
263;"Wegbermen - respecteren minimumbreedte";03-12-2013;;"Lachaert Egbert";;13-12-2013;;PCO;;;13-12-2013;13-12-2013;13-12-2013;
261;"Doortocht kusttram Nieuwpoort-Bad - Verkeersveiligheid";03-12-2013;;"Godderis-T'Jonck Danielle";;13-12-2013;;WWV;;;13-12-2013;13-12-2013;13-12-2013;
259;"Aslastendecreet - Knelpunten voor transportsector";29-11-2013;;"Heeren Veerle";;13-12-2013;;PCO;;;13-12-2013;13-12-2013;13-12-2013;
258;"Ritsen in het verkeer - Sensibilisering";29-11-2013;;"Roegiers Jan";;13-12-2013;;PCO;;;13-12-2013;13-12-2013;13-12-2013;
257;"R4 John F. Kennedylaan Gent - Geluidsschermen";29-11-2013;;"Yuksel Veli";;13-12-2013;;WOV;;;13-12-2013;13-12-2013;13-12-2013;
256;"NMBS-investeringsplan 2013-2025 - Afstemming";29-11-2013;;"Vereeck Lode";;13-12-2013;;WL;;;13-12-2013;13-12-2013;13-12-2013;
255;"Trajectcontrole - Werklast voor parketten - Overleg";29-11-2013;;"Roegiers Jan";;13-12-2013;;EMT;;;13-12-2013;13-12-2013;13-12-2013;
254;"Overladen vrachtwagens - Weigh-In-Motion systeem";29-11-2013;;"Smaers Griet";;13-12-2013;;PCO;;;13-12-2013;13-12-2013;13-12-2013;
251;"Investeringsprogramma wegen - Bundelbestek D411 Gent";28-11-2013;;"Taeldeman Valerie";;13-12-2013;;WOV;;;13-12-2013;13-12-2013;13-12-2013;
250;"Investeringsprogramma wegen - Kruispunt Kasteellaan Gent";28-11-2013;;"Taeldeman Valerie";;13-12-2013;;WOV;;;13-12-2013;13-12-2013;13-12-2013;
249;"Investerignsprogramma wegen - Studie N465a Oosterzele";28-11-2013;;"Taeldeman Valerie";;13-12-2013;;WOV;;;13-12-2013;13-12-2013;13-12-2013;
248;"Investeringsprogramma wegen - N461 Knesselare";28-11-2013;;"Taeldeman Valerie";;13-12-2013;;WOV;;;13-12-2013;13-12-2013;13-12-2013;
247;"Investeringsprogramma wegen - ""The Loop"" Gent";28-11-2013;;"Taeldeman Valerie";;13-12-2013;;WOV;;;13-12-2013;13-12-2013;13-12-2013;
246;"Investeringsprogramma wegen - Studie ring om Eeklo";28-11-2013;;"Taeldeman Valerie";;13-12-2013;;WOV;;;13-12-2013;13-12-2013;13-12-2013;
245;"Investeringsprogramma wegen - Kruispunt Wondelgemse Meersen Gent";28-11-2013;;"Taeldeman Valerie";;13-12-2013;;WOV;;;13-12-2013;13-12-2013;13-12-2013;
244;"Investeringsprogramma wegen - Studie N456 Lembeke";28-11-2013;;"Taeldeman Valerie";;13-12-2013;;WOV;;;13-12-2013;13-12-2013;13-12-2013;
243;"Investeringsprogramma wegen - Brug Handelsdok Gent";28-11-2013;;"Taeldeman Valerie";;13-12-2013;;WOV;;;13-12-2013;13-12-2013;13-12-2013;
242;"Investeringsprogamma wegen - Studie N455 Sint-Laureins";28-11-2013;;"Taeldeman Valerie";;13-12-2013;;WOV;;;13-12-2013;13-12-2013;13-12-2013;
241;"Investeringsprogramma wegen - Ontsluiting UCO-site Gent";28-11-2013;;"Taeldeman Valerie";;13-12-2013;;WOV;;;13-12-2013;13-12-2013;13-12-2013;
240;"Investeringsprogramma wegen - N449 Wachtebeke";28-11-2013;;"Taeldeman Valerie";;13-12-2013;;WOV;;;13-12-2013;13-12-2013;13-12-2013;
239;"Investeringsprogramma wegen - N448 Evergem";28-11-2013;;"Taeldeman Valerie";;13-12-2013;;WOV;;;13-12-2013;13-12-2013;13-12-2013;
238;"Investeirngsprogramma wegen - Geluidswerende schermen R4 Evergem";28-11-2013;;"Taeldeman Valerie";;13-12-2013;;WOV;;;13-12-2013;13-12-2013;13-12-2013;
237;"Investeringsprogramma wegen - Omlegging N437a Hansbeke";28-11-2013;;"Taeldeman Valerie";;13-12-2013;;WOV;;;13-12-2013;13-12-2013;13-12-2013;
236;"Investeringsprogramma wegen - Kloosterstraat Knesselare";28-11-2013;;"Taeldeman Valerie";;13-12-2013;;WOV;;;13-12-2013;13-12-2013;13-12-2013;
235;"Investeringsprogramma wegen - Carpoolparking R4 Destelbergen";28-11-2013;;"Taeldeman Valerie";;13-12-2013;;WOV;;;13-12-2013;13-12-2013;13-12-2013;
234;"Investeringsprogramma wegen - Aanleg fietspad N70a Gent";28-11-2013;;"Taeldeman Valerie";;13-12-2013;;WOV;;;13-12-2013;13-12-2013;13-12-2013;
233;"Investeringsprogramma wegen - Studie tunnel R4 Gent";28-11-2013;;"Taeldeman Valerie";;13-12-2013;;WOV;;;13-12-2013;13-12-2013;13-12-2013;
232;"Investeringprogramma wegen - Structureel onderhoud E17/E40/R4/E34/R2 Gent";28-11-2013;;"Taeldeman Valerie";;13-12-2013;;WOV;;;13-12-2013;13-12-2013;13-12-2013;
231;"Investeringsprogramma wegen - Carpoolparking E40 Nevele";28-11-2013;;"Taeldeman Valerie";;13-12-2013;;WOV;;;13-12-2013;13-12-2013;13-12-2013;
230;"Investeringsprogramma wegen - E40 Aalter-St. Denijs";28-11-2013;;"Taeldeman Valerie";;13-12-2013;;WOV;;;13-12-2013;13-12-2013;13-12-2013;
229;"Investeringsprogramma wegen - Studie geluidswerende schermen E40 Aalter";28-11-2013;;"Taeldeman Valerie";;13-12-2013;;WOV;;;13-12-2013;13-12-2013;13-12-2013;
228;"Investeringsprogramma wegen - Toegangscomplex E40 Aalter";28-11-2013;;"Taeldeman Valerie";;13-12-2013;;WOV;;;13-12-2013;13-12-2013;13-12-2013;
227;"Investeringsprogramma wegen - Wegmarkeringen Gentbrugge";28-11-2013;;"Taeldeman Valerie";;13-12-2013;;WOV;;;13-12-2013;13-12-2013;13-12-2013;
226;"Investeringsprogramma wegen - D413 Eeklo";28-11-2013;;"Taeldeman Valerie";;13-12-2013;;WOV;;;13-12-2013;13-12-2013;13-12-2013;
224;"Kruispunt N1-N12 Antwerpen - Verkeerslicht fietsers";28-11-2013;;"Vermeiren Goedele";;13-12-2013;;WA;;;13-12-2013;13-12-2013;13-12-2013;
223;"N364-N319 Kaaskerke-Alveringem - Verkeersveiligheid";28-11-2013;;"Godderis-T'Jonck Danielle";;13-12-2013;;WWV;;;13-12-2013;13-12-2013;13-12-2013;
222;"N355 Ramskapelle-Pervijze - Verkeersveiligheid";28-11-2013;;"Godderis-T'Jonck Danielle";;13-12-2013;;WWV;;;13-12-2013;13-12-2013;13-12-2013;
218;"N437 - Zingem - Nazareth - Fietspaden (2)";27-11-2013;;"Franssen Cindy";;10-12-2013;;WOV;;;10-12-2013;10-12-2013;10-12-2013;
216;"N35/N43 Deinze - stand van zaken";27-11-2013;;"Diependaele Matthias";;10-12-2013;;WOV;;;10-12-2013;10-12-2013;10-12-2013;
210;"PPS-projecten missing links - Via-Invest";22-11-2013;;"Vereeck Lode";;06-12-2013;;PCO;;;06-12-2013;06-12-2013;06-12-2013;
212;"Trajectcontrole E40 - ongevallen";22-11-2013;;"Lachaert Egbert";;06-12-2013;;WOV;;;06-12-2013;06-12-2013;06-12-2013;
207;"Openbare werken - grondverwervingstermijnen";21-11-2013;;"Franssen Cindy";;03-12-2013;;PCO;;;03-12-2013;03-12-2013;03-12-2013;
204;"Autosnelwegparkings - afvalophaling";21-11-2013;;"D'Hulster Steve";;04-12-2013;;PCO;;;04-12-2013;04-12-2013;04-12-2013;
209;"Kruispunt Guldensporenlaan / R4 Merelbeke - Doorstroming";21-11-2013;;"Lachaert Egbert";;04-12-2013;;WOV;;;04-12-2013;04-12-2013;04-12-2013;
208;"E34 Moerbeke - fietsoversteek - geluidsmeting Zandberg";21-11-2013;;"Lachaert Egbert";;04-12-2013;;WOV;;;04-12-2013;04-12-2013;04-12-2013;
205;"Integraal fietsinvesteringsprogramma - stand van zaken";21-11-2013;;"D'Hulster Steve";;03-12-2013;;PCO;;;03-12-2013;03-12-2013;03-12-2013;
201;"Kruispunt N41/Kettermuit St.-Niklaas - Heraanleg";20-11-2013;;"De Meyer Jos";;03-12-2013;;WOV;;;03-12-2013;03-12-2013;03-12-2013;
198;"Kennedylaan Gent - Verkeersveiligheid";20-11-2013;;"Yuksel Veli";;03-12-2013;;WOV;;;03-12-2013;03-12-2013;03-12-2013;
162;"De Lijn - Rustpauze chauffeurs";06-11-2013;;"Roegiers Jan";;27-11-2013;;EVT;;;27-11-2013;27-11-2013;27-11-2013;
190;"Kruispunt Elisasbethlaan / Torhoutsesteenweg Oostende - Ondertunneling (2)";14-11-2013;;"Caron Bart";;14-11-2013;;WWV;;;28-11-2013;28-11-2013;28-11-2013;
185;"Vrije bus- en trambanen - stand van zaken";14-11-2013;;"D'Hulster Steve";;26-11-2013;;EVT;;;26-11-2013;26-11-2013;26-11-2013;
184;"Elektrische voertuigen - Publieke laadpunten";14-11-2013;;"Van Overmeire Karim";;26-11-2013;;EVT;;;26-11-2013;26-11-2013;26-11-2013;
180;"Dynamische verkeerssignalisatie - stand van zaken";13-11-2013;;"Dillen Marijke";;26-11-2013;;EMT;;;26-11-2013;26-11-2013;26-11-2013;
183;"Verapazbrug Gent - stand van zaken";13-11-2013;;"Roegiers Jan";;26-11-2013;;WOV;;;26-11-2013;26-11-2013;26-11-2013;
181;"Flitspalen - evaluatie";13-11-2013;;"Dillen Marijke";;26-11-2013;;EMT;;;26-11-2013;26-11-2013;26-11-2013;
178;"Bovenlokaal functioneel fietsroutennetwerk - provincie antwerpen";12-11-2013;;"Reekmans Peter";;22-11-2013;;WA;;;22-11-2013;22-11-2013;22-11-2013;
177;"N34 Doortocht Heist - stand van zaken";12-11-2013;;"Verfaillie Jan";;25-11-2013;;WWV;;;25-11-2013;25-11-2013;25-11-2013;
176;"Kruispunt N43 - Spijkerlaan/Pontstraat Waregem - Heraanleg";08-11-2013;;"Hostekint Michèle";;22-11-2013;;WWV;;;22-11-2013;22-11-2013;22-11-2013;
174;"Mobiele flitscamera's bij wegenwerken - stand van zaken";08-11-2013;;"D'Hulster Steve";;22-11-2013;;EMT;;;22-11-2013;22-11-2013;22-11-2013;
173;"N49 - Antwerpen-Kust - Omvorming";08-11-2013;;"Reekmans Peter";;25-11-2013;;WOV;;;25-11-2013;25-11-2013;25-11-2013;
172;"I-BUS - project - stand van zaken";08-11-2013;;"Homans Liesbeth";;22-11-2013;;EVT;;;22-11-2013;22-11-2013;22-11-2013;
170;"Onderhoud gewestwegen - overeenkomst met de gemeenten";07-11-2013;;"Lachaert Egbert";;21-11-2013;;PCO;;;21-11-2013;21-11-2013;21-11-2013;
169;"Aanleg zebrapaden - inspraak lokaal bestuur - N415";07-11-2013;;"Lachaert Egbert";;21-11-2013;;WOV;;;21-11-2013;21-11-2013;21-11-2013;
167;"Investeringsprogramma wegen - doortocht N35 Diksmuide";07-11-2013;;"Poleyn Sabine";;21-11-2013;;WWV;;;21-11-2013;21-11-2013;21-11-2013;
166;"N407 - Kapellendries Wetteren - verkeersveiligheid";06-11-2013;;"Van Malderen Bart";;20-11-2013;;WOV;;;20-11-2013;20-11-2013;20-11-2013;
165;"N435 - Ouwegem - Zingem - herinrichting";06-11-2013;;"Franssen Cindy";;20-11-2013;;WOV;;;20-11-2013;20-11-2013;20-11-2013;
164;"N425 Maarkedal - heraanleg";06-11-2013;;"Franssen Cindy";;20-11-2013;;WOV;;;20-11-2013;20-11-2013;20-11-2013;
163;"Fly-over- N19 Geel - stand van zaken";06-11-2013;;"Reekmans Peter";;20-11-2013;;WA;;;20-11-2013;20-11-2013;20-11-2013;
154;"Bufferbekken E40 - Leuven - stand van zaken";06-11-2013;;"Eerlingen Tine";;20-11-2013;;WVB;;;20-11-2013;20-11-2013;20-11-2013;
153;"Strategienota Verenigd Koninkrijk - optimaliseren infrastructuur";06-11-2013;;"Van Overmeire Karim";;20-11-2013;;WWV;;;20-11-2013;20-11-2013;20-11-2013;
152;"Sluisweg Merelbeke - wegverlichting";06-11-2013;;"Stevens Helga";;20-11-2013;;WOV;;;20-11-2013;20-11-2013;20-11-2013;
161;"Carpoolparkings West-Vlaanderen ";06-11-2013;;"Vandaele Wilfried";;20-11-2013;;WWV;;;20-11-2013;20-11-2013;20-11-2013;
159;"Ondertunnekling Boudewijnlaan Aalst - Kostprijs en timing";06-11-2013;;"Van Overmeire Karim";;20-11-2013;;WOV;;;20-11-2013;20-11-2013;20-11-2013;
149;"Afgedankte verkeersborden - Verwerking";04-11-2013;;"Dillen Marijke";;18-11-2013;;PCO;;;18-11-2013;18-11-2013;18-11-2013;
141;"Haven Zeebrugge - Spoorontsluiting";31-10-2013;;"Reekmans Peter";;14-11-2013;;WWV;;;14-11-2013;14-11-2013;14-11-2013;
276;"Gebruik van camera's voor allerlei doeleinden";18-10-2013;;"Keulen Marino";;04-11-2013;;EMT;;;04-11-2013;04-11-2013;04-11-2013;
317;"Uitrol van het ANPR-netwerk";23-10-2013;;"Fournier Martine";;04-11-2013;;EMT;;;04-11-2013;04-11-2013;04-11-2013;
355;"Optimalisatie van het noordelijk deel van de Ring om Brussel";28-10-2013;;"De Knop Irina";;04-11-2013;;WVB;;;04-11-2013;04-11-2013;04-11-2013;
28;"Herinrichting van het noordelijke deel van de ring rond Brussel";29-10-2013;;"Sanctorum Hermes";;04-11-2013;;WVB;;;04-11-2013;04-11-2013;04-11-2013;
27;"Brusselse Ring";28-10-2013;;"Van Hauthem Joris";;04-11-2013;;WVB;;04-11-2013;04-11-2013;04-11-2013;04-11-2013;
140;"Zeebrugge - strategisch Haveninfrstructuurproject SHIP";30-10-2013;;"Van Volcem Mercedes";;13-11-2013;;WWV;;;13-11-2013;13-11-2013;13-11-2013;
137;"N2 en N26 - onderhoud";30-10-2013;;"Van Malderen Bart";;13-11-2013;;WVB;;;13-11-2013;13-11-2013;13-11-2013;
134;"Verkeersborden - afstemming";29-10-2013;;"Wienen Wim";;12-11-2013;;PCO;;;12-11-2013;12-11-2013;12-11-2013;
130;"Verkeer Asse - Herkomst-bestemmingsonderzoek";29-10-2013;;"Segers Willy";;12-11-2013;;WVB;;;12-11-2013;12-11-2013;12-11-2013;
125;"Zwaar vervoer - ongevallen door afgevallen lading";28-10-2013;;"D'Hulster Steve";;08-11-2013;;PCO;;;08-11-2013;08-11-2013;08-11-2013;
124;"Masterplan 2020 Antwerpen - verbindingsweg N10-R11";28-10-2013;;"D'Hulster Steve";;08-11-2013;;WA;;;08-11-2013;08-11-2013;08-11-2013;
118;"Zwerfvuil langs gewestwegen - Handhaving";25-10-2013;;"Dillen Marijke";;06-11-2013;;PCO;;;06-11-2013;06-11-2013;06-11-2013;
114;"Fietsbrug Mol - Postel - stand van zaken";24-10-2013;;"Deckx Kathleen";;06-11-2013;;WA;;;06-11-2013;06-11-2013;06-11-2013;
112;"Openbare werken - inbreng privÃ©-kapitaal";23-10-2013;;"Franssen Cindy";;06-11-2013;;PCO;;;06-11-2013;06-11-2013;06-11-2013;
111;"Fietspad N10 Koningshooikt - procedure Raad van State";23-10-2013;;"Hendrickx Marc";;06-11-2013;;WA;;;06-11-2013;06-11-2013;06-11-2013;
110;"N74 Zonhoven - fietspad";23-10-2013;;"Chokri Mahassine ";;06-11-2013;;WL;;;06-11-2013;06-11-2013;06-11-2013;
108;"Kammenkouterstraat Moorsel Aalst - verkeersveiligheid";23-10-2013;;"Van der Borght Vera";;06-11-2013;;WOV;;;06-11-2013;06-11-2013;06-11-2013;
107;"Waaslandtunnel Antwerpen - ADR-transport";23-10-2013;;"Wienen Wim";;06-11-2013;;EVT;;;06-11-2013;06-11-2013;06-11-2013;
104;"N466 Drongen - oversteekplaatsen";22-10-2013;;"Yuksel Veli";;04-11-2013;;WOV;;;04-11-2013;04-11-2013;04-11-2013;
102;"Verkeersveiligheid - Campagnes";21-10-2013;;"Keulen Marino";;31-10-2013;;PCO;;;31-10-2013;31-10-2013;31-10-2013;
93;"Trajectcontrole - Naleving privacywetgeving";18-10-2013;;"Tommelein Bart";;31-10-2013;;EMT;;;31-10-2013;31-10-2013;31-10-2013;
89;"Fietspad N10 Koningshooikt - Heraanleg";18-10-2013;;"Vanderpoorten Marleen";;31-10-2013;;WA;;;31-10-2013;31-10-2013;31-10-2013;
90;"Spartacusproject - Wegenwerken Diepenbeek";18-10-2013;;"Vereeck Lode";;31-10-2013;;WL;;;31-10-2013;31-10-2013;31-10-2013;
88;"Brusselse Ring - Mobiliteitsimpact commerciÃ«le en sportcomplexen";18-10-2013;;"De Wachter Else";;31-10-2013;;WVB;;;31-10-2013;31-10-2013;31-10-2013;
87;"Flitspalen - Vandalisme";17-10-2013;;"D'Hulster Steve";;30-10-2013;;EMT;;;30-10-2013;30-10-2013;31-10-2013;
85;"Fietspad Neerhoevenlaan - Groenhof Mortsel - Stand van zaken";17-10-2013;;"D'Hulster Steve";;30-10-2013;;WA;;;30-10-2013;30-10-2013;31-10-2013;
